{
  "title": "IMG-20240826-WA0012.jpg",
  "description": "",
  "imageViews": "0",
  "creationTime": {
    "timestamp": "1739360270",
    "formatted": "Feb 12, 2025, 11:37:50 AM UTC"
  },
  "photoTakenTime": {
    "timestamp": "1724703367",
    "formatted": "Aug 26, 2024, 8:16:07 PM UTC"
  },
  "geoData": {
    "latitude": 0.0,
    "longitude": 0.0,
    "altitude": 0.0,
    "latitudeSpan": 0.0,
    "longitudeSpan": 0.0
  },
  "url": "https://photos.google.com/photo/AF1QipNgj7ovWfXu7XBDvXFYm5T8gO1ifrSDiipxwa_i",
  "googlePhotosOrigin": {
    "mobileUpload": {
      "deviceFolder": {
        "localFolderName": "WhatsApp Images"
      },
      "deviceType": "ANDROID_PHONE"
    }
  }
}