{
  "title": "IMG-20240328-WA0010.jpg",
  "description": "",
  "imageViews": "0",
  "creationTime": {
    "timestamp": "1739360270",
    "formatted": "Feb 12, 2025, 11:37:50 AM UTC"
  },
  "photoTakenTime": {
    "timestamp": "1711664987",
    "formatted": "Mar 28, 2024, 10:29:47 PM UTC"
  },
  "geoData": {
    "latitude": 0.0,
    "longitude": 0.0,
    "altitude": 0.0,
    "latitudeSpan": 0.0,
    "longitudeSpan": 0.0
  },
  "url": "https://photos.google.com/photo/AF1QipNTDsWKWefeCR5tghETVj_z6Bvwo1amnzan_GgQ",
  "googlePhotosOrigin": {
    "mobileUpload": {
      "deviceFolder": {
        "localFolderName": "WhatsApp Images"
      },
      "deviceType": "ANDROID_PHONE"
    }
  }
}