{
  "title": "IMG_20250127_213238_270.webp",
  "description": "",
  "imageViews": "0",
  "creationTime": {
    "timestamp": "1739360270",
    "formatted": "Feb 12, 2025, 11:37:50 AM UTC"
  },
  "photoTakenTime": {
    "timestamp": "1738009959",
    "formatted": "Jan 27, 2025, 8:32:39 PM UTC"
  },
  "geoData": {
    "latitude": 0.0,
    "longitude": 0.0,
    "altitude": 0.0,
    "latitudeSpan": 0.0,
    "longitudeSpan": 0.0
  },
  "url": "https://photos.google.com/photo/AF1QipPALl3rYOKi6bnNEC_0oCaXFKuL__JigDqSNXR8",
  "googlePhotosOrigin": {
    "mobileUpload": {
      "deviceFolder": {
        "localFolderName": "Instagram"
      },
      "deviceType": "ANDROID_PHONE"
    }
  }
}