{
  "title": "IMG_0019.jpeg",
  "description": "",
  "imageViews": "0",
  "creationTime": {
    "timestamp": "1739360270",
    "formatted": "Feb 12, 2025, 11:37:50 AM UTC"
  },
  "photoTakenTime": {
    "timestamp": "1714416041",
    "formatted": "Apr 29, 2024, 6:40:41 PM UTC"
  },
  "geoData": {
    "latitude": 0.0,
    "longitude": 0.0,
    "altitude": 0.0,
    "latitudeSpan": 0.0,
    "longitudeSpan": 0.0
  },
  "url": "https://photos.google.com/photo/AF1QipPiOhBjl7viFUlmHSqVia18Q7ZH9OVN_5Y07VHb",
  "googlePhotosOrigin": {
    "fromSharedAlbum": {
    }
  }
}