{
  "title": "IMG_0162.jpeg",
  "description": "",
  "imageViews": "0",
  "creationTime": {
    "timestamp": "1739360270",
    "formatted": "Feb 12, 2025, 11:37:50 AM UTC"
  },
  "photoTakenTime": {
    "timestamp": "1714941042",
    "formatted": "May 5, 2024, 8:30:42 PM UTC"
  },
  "geoData": {
    "latitude": 0.0,
    "longitude": 0.0,
    "altitude": 0.0,
    "latitudeSpan": 0.0,
    "longitudeSpan": 0.0
  },
  "favorited": true,
  "url": "https://photos.google.com/photo/AF1QipNKknDBOj69xvCcJspBSHdo4elcjq1Mn3qA4ozN",
  "googlePhotosOrigin": {
    "fromSharedAlbum": {
    }
  }
}