{
  "title": "IMG_20250127_214016_370.webp",
  "description": "",
  "imageViews": "0",
  "creationTime": {
    "timestamp": "1739360270",
    "formatted": "Feb 12, 2025, 11:37:50 AM UTC"
  },
  "photoTakenTime": {
    "timestamp": "1738010417",
    "formatted": "Jan 27, 2025, 8:40:17 PM UTC"
  },
  "geoData": {
    "latitude": 0.0,
    "longitude": 0.0,
    "altitude": 0.0,
    "latitudeSpan": 0.0,
    "longitudeSpan": 0.0
  },
  "url": "https://photos.google.com/photo/AF1QipMUizuHHyyg73DhlNmcrvyN_1hhiM0RRsMWnc5M",
  "googlePhotosOrigin": {
    "mobileUpload": {
      "deviceFolder": {
        "localFolderName": "Instagram"
      },
      "deviceType": "ANDROID_PHONE"
    }
  }
}