{
  "title": "MOVIE.mp4",
  "description": "",
  "imageViews": "0",
  "creationTime": {
    "timestamp": "1739360270",
    "formatted": "Feb 12, 2025, 11:37:50 AM UTC"
  },
  "photoTakenTime": {
    "timestamp": "1712914880",
    "formatted": "Apr 12, 2024, 9:41:20 AM UTC"
  },
  "geoData": {
    "latitude": 0.0,
    "longitude": 0.0,
    "altitude": 0.0,
    "latitudeSpan": 0.0,
    "longitudeSpan": 0.0
  },
  "url": "https://photos.google.com/photo/AF1QipOwJRJ1MRjLkT6Win0iOz3ME_MjYH7_DD44eAeH",
  "googlePhotosOrigin": {
    "composition": {
      "type": "MANUAL"
    }
  }
}