{
  "title": "PXL_20250119_190853705.jpg",
  "description": "",
  "imageViews": "0",
  "creationTime": {
    "timestamp": "1739360270",
    "formatted": "Feb 12, 2025, 11:37:50 AM UTC"
  },
  "photoTakenTime": {
    "timestamp": "1737310133",
    "formatted": "Jan 19, 2025, 6:08:53 PM UTC"
  },
  "geoData": {
    "latitude": 0.0,
    "longitude": 0.0,
    "altitude": 0.0,
    "latitudeSpan": 0.0,
    "longitudeSpan": 0.0
  },
  "url": "https://photos.google.com/photo/AF1QipOG4oecNnj26Ic2QEGcT4MLCEUb74ncJlGB9NaI",
  "googlePhotosOrigin": {
    "mobileUpload": {
      "deviceFolder": {
        "localFolderName": ""
      },
      "deviceType": "ANDROID_PHONE"
    }
  }
}