{
  "title": "PXL_20240328_230615798.jpg",
  "description": "",
  "imageViews": "0",
  "creationTime": {
    "timestamp": "1739360270",
    "formatted": "Feb 12, 2025, 11:37:50 AM UTC"
  },
  "photoTakenTime": {
    "timestamp": "1711663575",
    "formatted": "Mar 28, 2024, 10:06:15 PM UTC"
  },
  "geoData": {
    "latitude": 0.0,
    "longitude": 0.0,
    "altitude": 0.0,
    "latitudeSpan": 0.0,
    "longitudeSpan": 0.0
  },
  "favorited": true,
  "url": "https://photos.google.com/photo/AF1QipPvW_GmiZMGC89vgau640egBP6VjSL3HCQT953z",
  "googlePhotosOrigin": {
    "mobileUpload": {
      "deviceFolder": {
        "localFolderName": ""
      },
      "deviceType": "ANDROID_PHONE"
    }
  }
}