{
  "title": "PXL_20250125_124819076.MV.jpg",
  "description": "",
  "imageViews": "0",
  "creationTime": {
    "timestamp": "1739360270",
    "formatted": "Feb 12, 2025, 11:37:50 AM UTC"
  },
  "photoTakenTime": {
    "timestamp": "1737805699",
    "formatted": "Jan 25, 2025, 11:48:19 AM UTC"
  },
  "geoData": {
    "latitude": 0.0,
    "longitude": 0.0,
    "altitude": 0.0,
    "latitudeSpan": 0.0,
    "longitudeSpan": 0.0
  },
  "url": "https://photos.google.com/photo/AF1QipM8t146XYoK133W27p4e04OiLpo3Rjk-VLrIUhd",
  "googlePhotosOrigin": {
    "mobileUpload": {
      "deviceFolder": {
        "localFolderName": ""
      },
      "deviceType": "ANDROID_PHONE"
    }
  }
}